x_dt,x_geo,base,ac_m_fb_n_imp,ac_m_google_n_clk,ac_m_google_n_imp,ac_m_youtube_n_clk,ac_m_trade_desk_l_clk,ac_m_linkedin_l_clk,ac_m_fb_n_imp_adstk,ac_m_google_n_clk_adstk,ac_m_youtube_n_clk_adstk,ac_m_google_n_clk_alpha0_beta0,ac_m_trade_desk_l_clk_alpha0_beta0,ac_m_linkedin_l_imp_alpha0_beta1,ac_m_google_n_clk_alpha1_beta0,ac_m_trade_desk_l_clk_alpha1_beta0,ac_m_linkedin_l_clk_alpha1_beta0,ac_m_trade_desk_l_clk_alpha1_beta1,ac_m_linkedin_l_imp_alpha1_beta1,ac_ec_tbill_3m,ac_web_new_customer_logins,ac_gqv_n_retire_gix,ac_ec_psavert
2020-01-05,rot,307.53030838653876,13.973396171508517,2.078985472972481,33.66173415864059,9.626252533008238,6.347446668731778,2.2925171529993658,0.0,0.0,2.306370664306928,2.08438192999785,6.3302321622229325,8.731216675526309,2.0843819299978654,6.330232162222971,2.308139055729275,6.023552578222962,8.731216675526326,40.03694635309604,4.812367200250538,364.2325160752969,50.47780599320342
2020-01-12,rot,307.53030838653876,49.61364334440196,1.2809375835433239,27.087412445795565,9.173266348690463,8.725156589611442,0.693251091466017,5.203348241921421,16.40760647144757,6.227100903373,1.2854700858608876,8.701245836413783,1.219107474227827,1.2854700858608967,8.701245836413836,0.6979974486040824,8.275515102930505,1.2191074742278287,31.024356938818414,7.623877578283358,296.00916307237134,40.55883334954222
2020-01-19,rot,307.53030838653876,95.3132356791093,14.852382046382864,132.71042794847511,6.239870424794811,8.850653322261051,1.6279204420875688,14.690559603154245,76.99248743572711,9.393519497451784,14.424569867027277,8.826469263041803,8.355712742162146,14.42456986702738,8.826469263041858,1.6390314148387826,8.395803291282176,8.35571274216216,35.86592407241117,9.388439211940415,310.37057645542274,48.55758200981178
2020-01-26,rot,307.53030838653876,66.4476557328886,3.4209872584977465,31.256185145475442,8.96708378416139,14.67533334191517,3.508917942727151,18.38327428054686,124.17326542917704,7.856385808145046,3.4142960763408525,14.6345639004527,8.296437350750091,3.414296076340878,14.634563900452791,3.532670503768393,13.909209922387882,8.296437350750109,33.05916110772669,6.225385418956508,271.41101180810057,46.29623537809056
2020-02-02,rot,307.53030838653876,76.6826854430707,14.395414229282236,74.6389209662331,10.624964706624558,4.408980524905804,5.303948708772928,19.25401043767875,138.7700307533205,9.25610683940669,13.980764679134452,4.397055571016107,16.07521696326319,13.980764679134552,4.397055571016136,5.339624938562089,4.184578753423334,16.07521696326322,33.779488565728805,6.73183377665698,308.5346761526608,50.13003710674238
2020-02-09,rot,307.53030838653876,83.80406637203018,3.0599249059971294,43.36698241637534,9.611152610016058,12.04632329633857,2.567326059437881,18.405397372753868,130.29393309045977,10.116748912997465,3.0568187891708396,12.013076599048096,8.361509625410205,3.056818789170862,12.01307659904817,2.5847717929253506,11.421350065648673,8.36150962541022,25.514861839839355,8.71944533333063,263.39333318359456,47.96075710105357
2020-02-16,rot,307.53030838653876,72.7442700747017,4.169178225255161,50.634888097465584,8.52516594212587,10.093552255463715,1.229917191714455,20.080923971181228,96.64036397663143,10.240531692218884,4.15470336228303,10.065865730305097,7.4195015901960435,4.154703362283061,10.06586573030516,1.2383227858255814,9.57293266086444,7.4195015901960595,19.88778304863134,11.208034957349907,283.532949549155,50.66213909454166
2020-02-23,rot,307.53030838653876,101.17411848584382,9.0369984294262,54.17063841919141,7.0785474790862155,10.260940674709296,1.1956420332806383,20.796691910016786,80.8760752504246,8.98388749256228,8.89704035169317,10.23279173016706,3.953615004056637,8.897040351693235,10.232791730167126,1.2038149223498866,9.731628917007757,3.953615004056643,13.206260373893516,10.033698838779236,271.3746363514038,51.69513310432412
2020-03-01,rot,307.53030838653876,83.90522459090022,9.620712501093204,54.170165664357064,20.124551417551015,12.6042798862979,1.9130755184054569,20.471662596948917,115.66513177956107,10.706744271635072,9.43573011199695,12.569404796003422,7.633346314751813,9.435730111997021,12.569404796003502,1.9261068607407694,11.948782932861809,7.633346314751827,5.734141063009324,7.445420294839896,254.4674743479302,47.524139684041565
2020-03-08,rot,307.53030838653876,126.47811383119996,8.505964053281536,45.35885625874491,16.71087552657924,17.308351031734727,0.14700836975718903,26.528682246400844,160.0108127484022,19.18769408938707,8.401045600347265,17.260233683610824,1.3919015743881185,8.401045600347326,17.260233683610938,0.1480173757740238,16.404181169423115,1.39190157438812,6.02559175950218,7.4125029889202665,203.83874157120445,67.1240226274718
2020-03-15,rot,307.53030838653876,173.36465570457162,13.526774510200179,63.600168524216855,31.29396555376295,35.555327247820394,4.242038919185445,34.48075888993273,178.36461604861432,25.68357375092817,13.259256330989801,35.4535334538088,11.002968804038906,13.2592563309899,35.45353345380902,4.270791019756763,33.64547499209124,11.002968804038925,5.914277105557018,11.130020992765413,291.97269984200955,88.40010195897419
2020-03-22,rot,307.53030838653876,192.8008872975466,15.500805204148579,87.38551756874425,31.381444781691822,35.54223985363588,8.129854284254685,39.61704659372045,198.5813584369317,29.502355241108877,15.125530136664961,35.440358786037585,21.385807927136725,15.125530136665068,35.440358786037805,8.184266188977086,33.63087351047497,21.385807927136767,4.831647559317095,11.783840633600402,181.45344118635578,98.01266614247507
2020-03-29,rot,307.53030838653876,143.00559372371768,16.645327742517154,132.433261740867,29.30714418838334,32.029220997042536,8.925718353437812,38.68827863531554,222.5953590203538,30.858699378319066,16.16587105231246,31.937624529231766,19.331977122941026,16.165871052312575,31.937624529231968,8.985183721333026,30.310589786041707,19.331977122941062,3.604635582545247,8.803946891402218,142.70268913959546,102.05714649512491
2020-04-05,rot,307.53030838653876,99.0674516017872,15.277704497286042,58.82821264379861,25.588200809928995,11.087682623729123,3.3361961902777737,31.1593431578324,226.64761162685664,28.127430935220133,14.837641210728828,11.057247978256727,9.585027757066287,14.837641210728933,11.057247978256795,3.358827928863824,10.515407960297432,9.585027757066303,2.918646542889762,2.3157793599366046,114.60563322611866,123.1583193859817
2020-04-12,rot,307.53030838653876,97.02272531357441,8.294851718299666,36.313873227871206,13.92523677792051,13.307497639404056,0.7957567812446761,23.871529496131195,191.58631637243673,22.42968374299562,8.17437488838844,13.270672552221958,3.948999825794441,8.1743748883885,13.270672552222043,0.8012039200559979,12.615353563094173,3.9489998257944485,2.599420549168448,2.9095933475848637,118.99193574190714,152.18620168886036
2020-04-19,rot,307.53030838653876,98.49983822842334,6.8573310397696225,51.54620004045465,9.774400789943675,18.277280922283442,2.254184684144281,23.66874524567504,147.31870430211566,16.431740221412618,6.7868163150315945,18.22614333864922,8.084877812810758,6.786816315031644,18.226143338649333,2.2695286744012853,17.316679954311837,8.084877812810774,2.6239386749940445,2.628271626838188,153.21595595769526,198.27688123004648
2020-04-26,rot,307.53030838653876,111.63422787015833,3.3070266917555644,45.68196546121512,9.557291889565859,18.851708419169203,4.62603695070201,26.82044404326332,109.54333640057156,12.419633257497386,3.305765487256101,18.799144121870658,11.33160908929282,3.305765487256125,18.79914412187078,4.657293390348274,17.864130086463188,11.331609089292842,2.87567281761232,2.889019726464078,128.56784005968265,268.2836462616322
2020-05-03,rot,307.53030838653876,77.15497597972438,4.227698755938473,44.34586642109301,9.914248888077863,8.545027570486461,3.6423411517356117,22.459090831064916,65.77862522831697,9.457438073576533,4.211499048845113,8.52166771398204,7.697785704133214,4.211499048845144,8.521667713982094,3.6669921873247193,8.105689694905672,7.697785704133229,2.5275434309045814,3.1664705047771258,75.15467749519834,245.42761298519716
2020-05-10,rot,307.53030838653876,106.20376487212019,2.971917539051649,44.87653258032872,6.287456767360301,13.686170849760588,1.6222128363959336,21.64636056069242,55.978636898899076,8.889809080339552,2.9699194985847055,13.648258575760874,4.878520628331891,2.969919498584727,13.648258575760957,1.6332801494953821,12.973631193539736,4.8785206283319,2.645331466517291,2.455292435073969,66.75159603882888,238.60623041119223
2020-05-17,rot,307.53030838653876,76.73660949141994,3.3269643248801075,40.555502932687396,12.70583526559214,9.629318480031761,2.095986457239737,24.535323394377844,58.44685110296884,9.885130079074397,3.3249599809260695,9.602988311748282,5.51578042164683,3.324959980926094,9.602988311748344,2.1102725169595993,9.13412281608353,5.515780421646839,3.1584950222867367,2.9750266635996243,58.642908168046155,249.96418864117987
2020-05-24,rot,307.53030838653876,93.89069661739606,3.615484945645705,38.999701582636945,11.153639405407851,8.59077686110779,2.5923290896607463,20.486163424147506,49.23265513484197,10.378811041540885,3.6066330697858224,8.567278230697982,8.316031546939124,3.6066330697858477,8.567278230698037,2.6099438909099684,8.148842432763571,8.316031546939138,2.9225720104139925,5.6220323309940055,58.83804219224275,202.2841182263194
2020-05-31,rot,307.53030838653876,52.412228878509254,3.858161411855273,39.731785706217345,12.559344994677808,14.451151672975788,5.495899125754979,19.775337672385728,57.101791822856775,12.44766320558393,3.8478856287544803,14.411092645301865,19.084584066658582,3.8478856287545073,14.411092645301956,5.532834614049693,13.698292161866991,19.084584066658625,3.2065932471526404,5.128588307665784,46.0579620937129,193.21586020498177
2020-06-07,rot,307.53030838653876,93.5341049774673,3.8228528828978643,36.045092308006964,9.890685608551966,27.66620135192519,5.8516576048089215,19.259177019076954,62.692517370298575,12.712806515465386,3.814813394551073,27.58731166420432,17.339209707418014,3.814813394551101,27.587311664204492,5.89097267713951,26.185762084432795,17.33920970741805,3.2477584455814714,6.603351147056923,80.66852063146841,191.36435347094167
2020-06-14,rot,307.53030838653876,68.89289687262632,12.322809995023484,51.942915490768115,15.922016820825865,31.874605061869218,6.685105009338096,19.394944050673928,93.21394796844099,12.760488478234947,12.044536608793301,31.782820224887125,18.142482913600745,12.04453660879339,31.782820224887324,6.729871109941964,30.153064908361696,18.142482913600784,3.0587010077556114,6.6099843917008325,112.22419814848597,179.73378911432607
2020-06-21,rot,307.53030838653876,49.50490293116221,4.929850115262621,48.826529350991606,13.92586011119561,26.997480600726742,10.274913224181333,17.7364829903833,128.3657746384108,14.544904897485093,4.905605900509337,26.920558056951663,24.891109729500545,4.905605900509372,26.920558056951833,10.342761622870627,25.553897148011465,24.891109729500595,2.874593560401646,3.6471645353713313,111.62164231268429,168.40015976514906
2020-06-28,rot,307.53030838653876,37.014646545534724,8.56591718388672,65.0790336366136,9.643334537662964,22.90492419201606,9.676978311179342,14.323044699989467,123.12346335519678,14.580864967766704,8.456817548906242,22.840429745599145,31.605165903781618,8.456817548906304,22.840429745599288,9.74114329607086,21.6938233508709,31.605165903781682,2.8446123586331127,4.538723435770137,100.54282073301603,166.07079829729014
2020-07-05,rot,307.53030838653876,35.676421583202774,5.6492081597823915,66.44180201659418,9.651606126768975,15.876330835991402,6.086352249879515,11.985894732694947,112.41194667757271,11.774397758378134,5.618435383846968,15.832376896855552,20.349985495349035,5.618435383847009,15.832376896855648,6.127281398652273,15.050216667376565,20.34998549534907,2.790422458821921,5.7939534599677796,105.01278389564278,167.39667057068002
2020-07-12,rot,307.53030838653876,84.81436651353594,5.688348568440487,39.23483523085268,7.7655937396762305,26.091205052212857,11.354003376218296,13.040949315395498,97.15803409626257,9.292212226852934,5.653256201454644,26.017206037514615,25.763481568014967,5.653256201454685,26.01720603751478,11.428805462571633,24.702150707324634,25.763481568015024,2.4872594652048434,7.221727915519001,208.30382610031546,157.41725987770604
2020-07-19,rot,307.53030838653876,75.27009499866963,4.690858146258809,45.068338979812445,8.825547541050826,24.18025842291322,6.692102658304626,17.34193295828675,81.37738117304302,8.47348579411852,4.670870048168644,24.11182576370126,14.306346635309371,4.670870048168678,24.111825763701408,6.736915617926742,22.89554720603088,14.306346635309403,2.2320702978132383,8.548846008861632,232.70774310403922,149.7095173046036
2020-07-26,rot,307.53030838653876,64.79091338666473,5.9218342123593395,67.31465559230176,9.539424539678082,28.459856810646336,2.885281032144085,16.626559044516263,73.11452012130633,8.125868519930592,5.865435098281361,28.377705180182694,8.209862414873221,5.865435098281403,28.377705180182872,2.904848322509954,26.919197490235693,8.209862414873239,1.7838697163512722,5.789013334287908,131.46857606679436,127.46088065973417
2020-08-02,rot,307.53030838653876,68.54956254663652,4.377594876658474,41.193959788841994,23.482509352263058,23.13274997389473,4.183116943987411,16.93958746641059,80.96329873739131,13.414200509271584,4.356556672304261,23.067016153805742,12.30110361382251,4.3565566723042926,23.06701615380588,4.2113416552103375,21.89896756285671,12.301103613822534,1.7246289125353913,5.8928466034541245,121.48764091263867,129.20535345613078
2020-08-09,rot,307.53030838653876,145.3693335232935,4.358233451966807,43.09029668863837,22.18315070747302,18.371405231489497,4.291579449118478,20.50483502773837,71.8170109668344,20.04786046813516,4.334490204624958,18.31968774655483,7.129830350014286,4.334490204624989,18.319687746554948,4.32049174829615,17.400223412217972,7.1298303500142985,1.6750007419529562,3.413206631753878,155.27078163419708,115.50692721645432
2020-08-16,rot,307.53030838653876,123.37038553413647,4.9347942048183295,68.80265244069142,8.545532565632783,20.45281413254897,5.3285410010148855,29.726423240558244,73.34478833667698,21.18700888009628,4.904697505039879,20.395139365067067,9.773152249347183,4.904697505039915,20.395139365067195,5.364332868393333,19.369859370572627,9.773152249347204,1.852325872272918,3.0179982859814234,123.53710733002822,117.2856915351853
2020-08-23,rot,307.53030838653876,107.60705811297125,5.90232453535088,84.73544919756903,10.773618136686173,29.092019671257376,5.468428527449044,31.388367260694153,83.10109830703266,14.218766941270726,5.856183209278429,29.00853519987383,7.79534230987765,5.8561832092784725,29.008535199874007,5.505184682816542,27.525879264378037,7.7953423098776655,2.0119960143912365,1.4808858609956548,123.01843548786309,116.63402743250266
2020-08-30,rot,307.53030838653876,86.98065857920335,7.269686029200979,90.49849603188287,16.688587149641858,28.22325320023804,5.270014896324828,25.949968982643245,94.52202771245378,12.403009605458603,7.188043563367228,28.142432895720763,12.581426306624783,7.18804356336728,28.14243289572094,5.30546627066207,26.706922751686594,12.581426306624806,2.0670053646025375,1.1585375043738648,130.88733304464034,109.32576222660637
2020-09-06,rot,307.53030838653876,99.4417692202237,14.96076837861094,101.14865082332207,14.554746331880608,25.21661374256588,5.222754328757652,25.22511074017437,145.91549861736547,16.796812063982443,14.565510973308553,25.14535268856636,11.880907742170612,14.56551097330866,25.14535268856652,5.257970222116433,23.87870104752834,11.880907742170637,2.2821167149249106,1.7079444280297285,154.7785983833658,118.21801559826034
2020-09-13,rot,307.53030838653876,75.45384974569278,10.847251365731317,81.15359617524697,14.650516751451468,15.16304379423686,5.018744964636618,22.52869511414113,184.83651696854602,16.134991823101483,10.653623194274193,15.121074281708154,15.835860757714673,10.653623194274271,15.121074281708246,5.052596584689411,14.374217425009872,15.835860757714702,2.174479458764843,2.7859037588011653,67.32432616138017,113.64635600373994
2020-09-20,rot,307.53030838653876,88.88511220230426,14.81537413838456,132.379751341006,26.085176140414134,18.051774329724115,9.056165327946353,20.097229510414166,188.54177074798255,17.692083650924797,14.388627945193662,18.001371369243063,28.60970688546469,14.388627945193763,18.001371369243177,9.116240150838854,17.104871176349597,28.609706885464753,1.995536820464529,1.9112338559290902,87.3222931964285,105.26707229587575
2020-09-27,rot,307.53030838653876,79.14730411949127,14.765974847861543,131.93835406444882,12.232563224199,25.856757082072722,8.839224929738858,20.315681412044167,209.03009301060177,20.586444959938355,14.340651565694028,25.783241496286035,36.07670801233705,14.34065156569413,25.783241496286198,8.897903367092615,24.476956531806767,36.07670801233713,1.9334161761243118,2.2382118850443287,71.20728996888701,102.98685214632351
2020-10-04,rot,307.53030838653876,66.55593854426508,13.17579332314462,100.05929596191788,9.077862669510505,13.599867238879048,4.552686173637065,18.888459684910075,213.04884643715258,15.093685985169378,12.827763220148613,13.562228754026215,20.507714185562314,12.827763220148707,13.5622287540263,4.583389810062674,12.89243924536432,20.50771418556236,1.7984968563935946,2.5073475912536862,83.31499031070723,97.02342491086345
2020-10-11,rot,307.53030838653876,88.67955478887507,13.130800049238818,93.91185276991524,23.119175320826614,16.917194403584762,0.27677375710826185,17.618351867726755,194.52546609040502,13.368223862976118,12.752576800725263,16.86984598032434,1.594943080162226,12.752576800725354,16.869845980324445,0.27867217183242904,16.02778736491329,1.5949430801622284,1.6229349300636113,1.5245262412960778,91.46487900899074,89.0206352807414
2020-10-18,rot,307.53030838653876,79.84376539250113,15.507277303159455,67.90629862507872,16.825874252701944,17.75906850553956,0.0,22.338812477974013,233.72442548240505,21.479230458095763,15.06060133709435,17.709607489223096,0.0,15.060601337094456,17.70960748922321,0.0,16.82973899475231,0.0,1.8602893193675456,0.0,132.94602585335593,103.82488313669772
2020-10-25,rot,307.53030838653876,94.79392894334654,14.101500654003587,80.83336209920124,17.647438780079238,12.2996516086115,0.11889375520875242,20.624463471717604,216.16749455496893,19.282168421461403,13.695317072936689,12.265717524225737,2.6419625829755,13.695317072936785,12.265717524225815,0.11970983218459556,11.66174529415159,2.6419625829755042,1.6403869777574906,0.8186137824072838,105.78234525858883,93.22422522237581
2020-11-01,rot,307.53030838653876,62.30797511263461,13.95343012691919,98.85397404384408,15.124283922565391,20.717723256826837,0.5529330536320174,19.870746097574457,213.89766273758852,17.179008126818278,13.551511610856172,20.65934774836662,2.591063737190808,13.551511610856268,20.659347748366752,0.5567217491232846,19.621565185975342,2.591063737190812,1.5724385253186177,1.8450411384286634,89.71850987109349,91.06916924780779
2020-11-08,rot,307.53030838653876,98.22606924257533,8.512448176027709,76.7405408680217,8.541911940216808,14.64293172766542,1.1856096738882478,22.053711964896817,220.9259534202063,16.944341764957787,8.412353488161031,14.602499949390914,4.217424959903114,8.412353488161093,14.602499949391007,1.19371856993623,13.88291128482323,4.217424959903123,1.842647508620678,1.6874882760071628,0.0,105.0569638188511
2020-11-15,rot,307.53030838653876,82.91540270902097,11.89076374940629,84.30575384313332,7.206359678559525,23.14385584746284,3.1079735428007487,19.45942358945201,155.83308133766403,9.665592434541248,11.611859569633358,23.078275084469865,8.938334702778516,11.611859569633445,23.078275084470008,3.1290530833954806,21.91276443187586,8.938334702778532,1.5795033303609982,1.762924342517295,120.16214124721046,88.6297155992201
2020-11-22,rot,307.53030838653876,95.85525163544222,7.964944492873566,84.56426735079899,11.436343875642297,16.995141615129413,4.7215755576615726,22.843679513009608,162.76279064301303,9.210918337617015,7.872929761528482,16.947884145308585,19.388671427671092,7.872929761528541,16.94788414530869,4.753448616762199,16.107140320197296,19.388671427671127,1.7433209719606926,3.093268121001047,174.06993996753087,96.24988518272632
2020-11-29,rot,307.53030838653876,85.49757626059346,8.50965006786182,68.21381775633392,11.367705134968546,15.300739656810416,5.918054519785225,22.867557215609878,146.11446065197896,11.101753537321203,8.402324654226042,15.25836948830023,9.296082299328214,8.402324654226105,15.258369488300321,5.957838564799096,14.504402035173278,9.296082299328233,1.7616985709928719,3.075459120310422,75.38782983558396,95.6759217624516
2020-12-06,rot,307.53030838653876,109.58346466152734,9.541583537036642,49.4155178605729,9.470665050635168,25.273722757049683,9.387893721931487,23.379063709845564,134.8949933374801,11.53818360377868,9.401066488500994,25.202235800929056,16.989573369016913,9.401066488501064,25.202235800929216,9.450232593113782,23.93163238846995,16.98957336901695,1.741288031976414,4.029675728114393,186.44223373164965,97.13216642348489
2020-12-13,rot,307.53030838653876,157.78192037417512,9.812767678341594,62.235038460359156,12.31775812831895,27.2335437078246,12.174385199151029,26.301354193910967,136.1924009706796,10.535676731970662,9.643387481366545,27.1558008422431,16.979152627060213,9.643387481366615,27.15580084224327,12.254098052882185,25.774711470467064,16.979152627060245,1.5496316339710055,4.084154118367068,179.38631725838613,90.41534914489064
2020-12-20,rot,307.53030838653876,116.5615410967501,13.450939730803261,70.10084851169584,12.740002201277617,25.524289942060477,10.796507419491057,29.454501546972402,152.7117408917542,11.413964930568236,13.063495089085535,25.451361285654734,22.518479216900875,13.063495089085626,25.451361285654887,10.867337584347773,24.155859920678495,22.518479216900925,1.3830910742885663,4.7284667556343445,165.76784307300758,84.49613036203573
2020-12-27,rot,307.53030838653876,102.000339721563,10.784445372533972,62.98956523255961,9.903967641793699,29.291880243107435,9.641522759251474,30.667891750594706,193.48729382441476,13.244526720522366,10.577560295334834,29.207962426895495,24.929918065925495,10.577560295334912,29.20796242689568,9.705334641477075,27.717471997473698,24.92991806592555,1.4692677414491002,8.02574053074525,79.36964573256985,94.09102257270631
2021-01-03,rot,307.53030838653876,60.247077115868436,4.597618556025249,34.2895214752725,6.994922703085226,25.262602237007172,5.436155710419298,21.07067727574498,138.88010599183283,9.480056007669127,4.570443084369633,25.190243952472336,13.193112848899565,4.570443084369667,25.190243952472496,5.472605634276189,23.90505003251924,13.193112848899592,1.1849039680817721,27.73403211250066,199.18104758354352,85.25552842714656
2021-01-10,rot,307.53030838653876,36.71851398309681,1.6931450579534313,50.795241597877364,0.0,28.086894766179633,3.5175669654869686,18.3456498980737,93.5895673633227,7.014607639481867,1.6985226139740273,28.006859248535374,7.056333536782248,1.6985226139740397,28.006859248535548,3.5414166026996963,26.584899865659715,7.056333536782262,1.2036746618067742,33.43241284143008,306.34193085084075,116.23163198676768
2021-01-17,rot,307.53030838653876,59.72649403278111,3.4584349495507363,68.73309662082043,1.0733977897142757,15.921900472544207,3.7525387368816956,13.645090091274254,48.58571952601085,2.245536218137283,3.454276088395638,15.877693355026983,4.7544333106712395,3.454276088395663,15.877693355027082,3.777951295501618,15.0911526547227,4.7544333106712475,0.9558775228848714,32.643166433196114,258.6897718763802,126.62904751611427
2021-01-24,rot,307.53030838653876,64.64116742180447,4.992107139871812,82.5815040796949,7.2412376189924315,16.704000284561747,6.549644147988192,13.661966057466234,50.915500871052366,2.239262563146385,4.9621509377815025,16.657376479346944,7.521808699385485,4.962150937781539,16.65737647934705,6.593435636027076,15.828079114615567,7.521808699385498,0.6747587038664382,29.906838148049022,244.41138974537637,128.05405423464768
2021-01-31,rot,307.53030838653876,132.9335001131746,7.167076442730997,122.9727963488663,18.813349244945485,46.20404794159199,12.973156589264706,23.84762472256897,97.12331619547759,10.27122232304637,7.1175816297336345,46.0694122312776,18.406266074812276,7.117581629733687,46.069412231277894,13.05878053073278,43.68036857040712,18.40626607481232,0.6361716640906065,40.15875504004829,457.4831183128815,188.11726297535466
2021-02-07,rot,307.53030838653876,139.15872952083618,3.3489349480089428,78.87380121992307,9.21686503019792,34.654439872549375,13.876706303378104,27.257393185532667,85.78252076177245,13.363205884176331,3.347956971680695,34.554705618232795,12.169472665454217,3.34795697168072,34.55470561823301,13.967511624047537,32.78374371820577,12.169472665454238,0.47126545024426847,35.468416121819075,430.40258921151917,153.761537226517
2021-02-14,rot,307.53030838653876,109.58636031341858,4.544965433536051,119.43052492551249,10.073271766892598,35.0602280246604,8.486746917831603,32.452138735546654,74.07677076691218,12.62684938311517,4.535434826953458,34.9598516842975,14.982052301843288,4.535434826953491,34.95985168429771,8.543490042762354,33.176969993801436,14.982052301843316,0.44280886346215975,38.75199335112049,383.8760686816293,149.6099950958978
2021-02-21,rot,307.53030838653876,120.93276005478918,3.6957428144134683,62.519905512930514,8.671748088999063,28.47516138993096,8.227706942808739,25.59647954072162,56.034905091758574,8.700192889294803,3.688301253350977,28.39369240258898,12.197631238869377,3.6883012533510042,28.393692402589156,8.282447778201192,26.946588740432013,12.197631238869404,0.3041978572776266,31.79800302134834,267.74154400234244,107.67570631952518
2021-02-28,rot,307.53030838653876,92.47614353259885,2.4591000213014422,37.6968166346895,9.50486291499191,30.776174891487713,9.020073417189446,24.713398997120084,52.08180963906957,8.878234828758202,2.461084101417728,30.68740576033545,9.493215307731658,2.4610841014177463,30.68740576033564,9.07981294565445,29.111343955461503,9.493215307731676,0.23533243072641843,30.537253756342096,264.6884693734497,88.91769757701135
2021-03-07,rot,307.53030838653876,49.597562267654276,3.4436810592262677,70.09597774231096,10.31153873923284,18.52564800553377,9.601056770254944,20.73827787540564,46.106942763181856,9.554633514345474,3.4364641859661456,18.473661826353673,8.593203173912052,3.43646418596617,18.47366182635379,9.664393641564542,17.549257859034007,8.59320317391207,0.17621234307672987,29.366094228845057,247.2646915867818,104.60066477936468
2021-03-14,rot,307.53030838653876,40.600845640393274,4.252112613152101,73.28226461103941,12.843693225551036,19.636457800350676,9.832391043646327,16.12427012253268,57.32248258715195,11.975689076801896,4.238620124250798,19.581461014654803,12.586877502325377,4.238620124250829,19.581461014654924,9.897450342371613,18.603418599700404,12.586877502325404,0.14029749126397975,32.473360580560936,249.30209550225297,142.86879836280798
2021-03-21,rot,307.53030838653876,50.326539446906416,3.8434742375062445,56.141766707617144,9.018893895027396,20.562641163752307,8.870492589367855,10.84444964730472,54.265775669938286,10.21958692591385,3.826607732788909,20.50428927437974,7.620221888425214,3.8266077327889376,20.504289274379868,8.928930031419759,19.467335348130156,7.62022188842523,0.06932032029398008,26.255346314911275,227.57407998813292,137.50410304087708
2021-03-28,rot,307.53030838653876,42.6491883928332,4.535367468113175,76.64223339013088,21.432739032553926,20.841113559160448,10.89282117317477,14.181200908197459,72.99664286573528,15.07045518829193,4.51895118281925,20.78264308262796,13.569531090544439,4.518951182819283,20.78264308262809,10.964669114171821,19.742924036930077,13.569531090544467,0.03187334637433362,33.19841836488507,205.53907725613163,201.67376977868756
2021-04-04,rot,307.53030838653876,6.7518756274997065,0.13828074907650895,2.4392047628062405,3.3212663621119645,27.64046623153511,8.118769521002312,10.870081555996697,54.22734675131074,14.722742576478584,0.13923019577374107,27.561605831060085,15.93991464907965,0.1392301957737421,27.56160583106026,8.172832642648618,26.160620109727077,15.939914649079682,0.0,32.25126886799526,191.68805368329174,198.83683762016275
2021-04-11,rot,307.53030838653876,57.958237979747906,1.0419329407763636,12.030289695834636,9.722689285257541,14.560672944339439,3.1592650441893886,8.089994739198469,21.589517510143473,8.809318675211602,1.0463813998027844,14.520161638244618,11.011514493674953,1.046381399802792,14.520161638244705,3.180668037698432,13.799459659836657,11.011514493674976,0.0,28.248362433637652,230.85762146630864,148.57076788218154
2021-04-18,rot,307.53030838653876,57.76655716255721,1.2489388535191035,20.811693418131505,13.840366546023839,23.280429719513617,10.83253545154837,14.403350443641273,17.93260843492869,10.970828609467498,1.254458383917587,23.214996799951592,15.847033528825921,1.254458383917596,23.214996799951734,10.904205561619214,22.051588996900087,15.847033528825953,0.0,35.68467720070419,300.4676288799407,155.35871739391501
2021-04-25,rot,307.53030838653876,96.58893778113799,2.121836760394951,30.419057872673182,12.304573210889444,21.26518595811726,12.963776450394818,19.137888652452705,26.139009531965357,14.29560687337272,2.127641507223589,21.205810723977297,25.036470326072248,2.127641507223604,21.205810723977432,13.049121362763183,20.14972377290256,25.036470326072298,0.0,37.76110861843836,233.78774664192497,130.19500711034735
2021-05-02,rot,307.53030838653876,59.08121034074749,1.9938885210335207,27.92959679458824,7.786305204964194,18.55516210898777,9.086834151635632,16.42340710563595,26.308583296147933,10.083150933780201,1.9975874569777057,18.503110870321954,18.898473455871187,1.9975874569777206,18.503110870322068,9.146930956432882,17.57753256249611,18.898473455871226,0.014223514404635129,29.629681316301753,205.4575059882383,78.46755590451787
2021-05-09,rot,307.53030838653876,58.51042258646733,1.7714243210950584,23.858794211471796,11.032421500995186,20.305424190568285,7.2040209670318855,15.572501365354874,29.39394961627404,9.200381468209208,1.7754142616720903,20.248093777165273,17.104838927475967,1.7754142616721034,20.248093777165398,7.25198346962962,19.229005576912396,17.104838927476,0.10922468841472284,28.441383784186673,211.30461269465258,70.70376636837463
2021-05-16,rot,307.53030838653876,58.35865256185027,1.7516157398764538,21.559049637255075,9.756905483780038,15.900041838373845,7.022734867805935,16.00314332652104,31.586583315147383,11.005195445899327,1.756395880944303,15.85581930582361,21.01300633339781,1.7563958809443159,15.855819305823712,7.069651024705562,15.069079128011111,21.013006333397843,0.22412391243317498,31.125534646404688,246.6628803822336,72.32385764095908
2021-05-23,rot,307.53030838653876,56.69062075117167,2.1991784387314017,24.766627789561788,8.34482640759544,16.449103741835966,5.061062838542706,14.743217714140975,30.04002187347205,9.989505219910798,2.2019721901571443,16.403191397741583,12.950926844717083,2.2019721901571607,16.403191397741686,5.095098810875157,15.586548788012637,12.950926844717108,0.3110248234294804,29.45047143840267,145.86773761752494,63.6509961222954
2021-05-30,rot,307.53030838653876,83.42974976377815,2.024357481110379,16.12768408067706,17.927514628146838,12.825978446051074,12.189786873819832,16.054848094387264,32.8197222776007,11.489716509699551,2.0278829745348013,12.7905063039277,19.898048650188848,2.0278829745348155,12.790506303927781,12.269325765497236,12.159243510894425,19.898048650188887,0.4100518985399229,29.455113932188972,131.30165863684698,58.87962206182186
2021-06-06,rot,307.53030838653876,65.03055139669061,1.7435055933658663,29.656983938089322,9.029115666187735,22.562404433847224,10.174270081023728,17.29763907384163,31.189202163472117,13.414140703744248,1.7474298587573631,22.49826970551472,22.973156439848992,1.747429858757376,22.498269705514858,10.241080335701557,21.358657275407413,22.973156439849035,0.4511434622401805,19.18787819250322,110.88370080401822,53.3000012357189
2021-06-13,rot,307.53030838653876,84.5715662847489,2.4272888603198095,42.67551407905124,20.882456078095785,18.752688147575043,9.474705762469846,19.507346053913825,33.979091456138455,15.624334944048273,2.429528101141614,18.70014264348853,32.651338342427884,2.429528101141632,18.70014264348865,9.537352541517992,17.765716454672564,32.65133834242795,0.5482172960159715,25.8545212863432,129.24554523662806,56.411957411771155
2021-06-20,rot,307.53030838653876,101.77308050340953,3.551671940046265,65.19550214677002,11.76298626872233,21.026660882198083,8.423334818892506,19.800508600870067,39.20947826976321,15.643329041591572,3.541915341898467,20.967166652002458,20.421005975411873,3.5419153418984926,20.967166652002586,8.47910589668217,19.909740824056534,20.421005975411916,0.5543671373589419,24.41837571980636,98.09454391574884,50.091834590208244
2021-06-27,rot,307.53030838653876,76.45842277848972,4.186483539470693,86.02641252565753,12.593592351004322,17.78294091138928,8.839071113839529,20.86136098585819,51.677099571543245,14.059916789354414,4.165267147015959,17.73293675959906,27.428161045609997,4.16526714701599,17.73293675959917,8.897378422057429,16.84387726426712,27.428161045610047,0.5759774553351061,24.754260710228003,100.31011132239868,45.99652297012645
2021-07-04,rot,307.53030838653876,39.546005811057206,4.197119498025925,45.74809367017642,6.517291811901653,16.854401995711225,9.52926044530617,19.387502643991127,67.00926370299577,12.179086711270095,4.180225268356449,16.807320745877348,23.99513569522744,4.1802252683564785,16.807320745877455,9.592163585756397,15.969923830405174,23.99513569522749,0.6608476432765535,21.888113341757972,146.63419408896834,49.7878184501023
2021-07-11,rot,307.53030838653876,48.023038213028634,4.9665414841288085,35.42586598003884,7.375879084900004,10.741737756961586,6.64111875670845,15.609519280948643,78.27982901588733,10.000215463403428,4.945238375654924,10.712300687519589,13.478134972218571,4.945238375654959,10.712300687519654,6.68565876505253,10.188173945817189,13.478134972218596,0.7638957602478968,23.872904437758635,144.07443873760823,58.884631443786446
2021-07-18,rot,307.53030838653876,68.08742134062092,4.6399359460747505,51.28644710120556,14.38116204738501,1.0209795889734028,6.2919634455434075,14.993944432479458,80.71536665182529,9.976662870588525,4.627067350711214,1.0182422606781225,11.400261917815115,4.627067350711248,1.0182422606781278,6.334283384061534,0.969445570474418,11.400261917815138,0.8228757735085838,26.870048006178916,182.58629974908263,64.86726017188788
2021-07-25,rot,307.53030838653876,64.80113131464883,4.218250158967476,61.20093826762859,19.02608516615829,0.4991235396954977,7.179991230282899,15.125899043086665,67.21339279112492,13.462910463702737,4.205165496251033,0.4977866237158425,11.801482080751285,4.205165496251063,0.4977866237158456,7.2279833966042775,0.4739529915382853,11.80148208075131,0.7240987105229524,20.743420591868333,128.5350799854008,58.34444738865881
2021-08-01,rot,307.53030838653876,47.68548215548692,4.321378423773522,49.053966671167395,10.967737207294459,4.180162565375571,6.894929132985332,16.459423094695563,69.93751611065191,17.20499820903285,4.310005004280584,4.168875170951815,14.087631184972818,4.310005004280616,4.16887517095184,6.941149161515251,3.9677400515709214,14.087631184972848,0.7774783253089164,22.27259856780683,138.01051883979204,64.00246689717571
2021-08-08,rot,307.53030838653876,64.95970851228132,3.3883337819444277,38.105288657375695,7.984496463585255,0.0,6.255449603787236,14.938834738145328,63.70561867307538,12.833205879057866,3.3857240296863265,0.0,16.725269691265733,3.385724029686351,0.0,6.297447375397533,0.0,16.725269691265762,0.6961282652654021,24.631743861009603,158.68332400510792,61.09419739182456
2021-08-15,rot,307.53030838653876,87.8503976300606,4.9826911374853164,60.12072253756722,12.104623389524216,3.971179037208216,5.296912819340014,17.30563565070969,63.85186573104428,10.221073676509448,4.961450027594907,3.960459748092597,16.98605424770774,4.961450027594943,3.9604597480926214,5.3326133899175305,3.769444237999792,16.986054247707777,0.6525173574327219,29.44320784282524,127.83303495746479,61.44727201171683
2021-08-22,rot,307.53030838653876,57.39631143721563,4.885498713675412,62.8293984197426,21.263756769790806,0.51370496306058,7.129545509971402,18.546245785414584,70.37877062530025,13.810548414221447,4.864081149098794,0.5123289903417559,16.640631778569823,4.86408114909883,0.5123289903417592,7.177246420830501,0.4877990810835373,16.64063177856985,0.5769697213803029,31.501591831173865,107.48571526377911,58.74822663507309
2021-08-29,rot,307.53030838653876,34.199871829347884,5.6299155183334175,61.29788926162336,28.888651407706206,2.621884417090159,6.529528610114242,16.284888336257914,82.86569946293056,22.85404595991249,5.599813461509167,2.6148298319325205,13.281439692658177,5.599813461509208,2.6148298319325365,6.573374903956075,2.489096563627257,13.281439692658198,0.5538503518465451,35.500048116657624,140.6649591989278,61.545354203732565
2021-09-05,rot,307.53030838653876,44.44980299888326,4.959013263251031,66.36237774071776,9.615490770258196,5.663860853684596,5.939053645502751,11.451764106811728,77.94881903164772,21.84655362383872,4.9344494915106125,5.648502064291189,19.06531566313405,4.934449491510648,5.648502064291224,5.978934853907253,5.374880653836923,19.06531566313409,0.5125484249346274,32.289726069378496,143.9374704032509,53.63949076537972
2021-09-12,rot,307.53030838653876,92.84622985840636,5.362098756435738,91.01999191297648,12.010751644036965,13.821331817263898,12.59650242853255,13.993795410806479,78.53596614473747,14.87267501668213,5.328825549163538,13.783102467583834,36.35170496570517,5.328825549163578,13.783102467583921,12.678857427264706,13.102776692708952,36.35170496570523,0.5569768187859716,22.81875489568909,78.32947042384264,49.146727292131445
2021-09-19,rot,307.53030838653876,53.40802831259297,7.830394212664506,80.14250739644565,14.886857926900358,16.97018365405769,8.632178385873685,17.660639971938814,90.20341012832695,12.537904715340156,7.731793003678173,16.922865620117822,32.27249759614677,7.73179300367823,16.92286562011793,8.689479582062328,16.081172148779604,32.27249759614683,0.6027331735943087,22.152191022744326,123.45165028331064,45.06656730104937
2021-09-26,rot,307.53030838653876,46.3527947363264,13.545539966847784,121.03340731336338,23.849400808366706,26.87625596937509,11.409208653399627,15.00860308245749,128.24471511347227,16.597566260666415,13.15537043339058,26.799241484176793,28.582393606252637,13.155370433390672,26.79924148417696,11.483885725455222,25.431380213025832,28.582393606252694,0.6178579535103279,27.871363538824,101.61180860423492,39.24669651765628
2021-10-03,rot,307.53030838653876,35.55029072694949,5.016691699846742,63.40948975271766,17.306840892195286,20.48471845917711,8.678716851581463,12.6286974283394,159.03351082464553,21.751766952385875,4.9883645297475425,20.427097524358377,35.32379809970424,4.988364529747579,20.427097524358505,8.7362990203309,19.402633111815664,35.32379809970432,0.6895129873594016,3.959735789365958,122.3957530834521,38.65256757385619
2021-10-10,rot,307.53030838653876,53.249902458994406,5.057271870756868,35.81341508811991,12.868065775223494,22.511846550742636,4.128572753621519,11.572556972743996,109.9448131928655,18.53997482476931,5.025541173471779,22.44807820739486,8.647079490185863,5.025541173471815,22.448078207395,4.156449389401278,21.314756896369158,8.647079490185881,0.6624512471162821,4.069743669107635,132.29101315434318,35.979361938295554
2021-10-17,rot,307.53030838653876,64.7467643001472,4.276484605266861,33.49929625005865,13.32602641407795,15.083903849220771,4.512400932350279,14.653287849178346,81.42766088526258,15.850698299438118,4.263232899581087,15.04211488004793,20.065132141308915,4.263232899581118,15.04211488004802,4.5428764919660125,14.298508632612503,20.06513214130895,0.7343231381405665,4.511285857693072,130.35002262034328,38.6012782285769
2021-10-24,rot,307.53030838653876,71.75545540671155,3.993232541480916,45.340561001660184,17.870127496323,15.543513229414609,9.96563985779846,17.048179298236118,72.40155202441252,15.666185198086932,3.984323767478878,15.500436062564646,20.81758001011868,3.9843237674789074,15.500436062564736,10.0316289895509,14.733921819091986,20.81758001011872,0.7491562603794513,5.152701031334944,166.22882082591462,38.073501361621695
2021-10-31,rot,307.53030838653876,22.50372056780829,3.522031193364462,59.999954415111645,11.722310087748873,20.879732854884622,4.967526782131892,14.512359150091763,59.83216699546307,15.308879015720867,3.5162954424698154,20.821014119115553,20.891109334183383,3.516295442469841,20.82101411911568,5.0009945274685075,19.77701837461034,20.891109334183422,0.7060856204874211,5.6580127276022925,164.5055586108622,34.65223192104032
2021-11-07,rot,307.53030838653876,101.96637901670158,6.889710509382622,62.40354662590728,13.081072516079587,13.510401010474716,8.736381490432512,13.818296189460439,67.4533542945438,13.528614268843329,6.815286972829746,13.473001506555638,30.176425421178834,6.815286972829796,13.47300150655572,8.794284349490049,12.807473204639436,30.176425421178894,0.7184452799675887,4.2728129820430425,209.23142796552492,32.54012662073257
2021-11-14,rot,307.53030838653876,63.37143715554562,6.249503980559947,62.172680006600274,17.822349015310795,11.920994243858015,8.335389394460867,19.80130529128363,98.74923823512758,15.638465269625595,6.202891865264533,11.888226586616147,32.08600823164877,6.202891865264578,11.888226586616222,8.390924528108497,11.304895792185775,32.08600823164883,0.8605360620852902,4.167520674991296,225.2381975766977,35.87489488056625
2021-11-21,rot,307.53030838653876,61.55867141117041,7.429693666261085,77.8939616798786,9.36352599922816,11.10107524080033,9.356184441971664,17.178229613936438,97.57156559243131,14.055958797615892,7.336173103601632,11.070511729083606,30.74997229861806,7.336173103601684,11.070511729083677,9.417987287586104,10.526467838561594,30.749972298618122,0.8067056916144467,5.861947023537722,161.09851518195785,31.09383332653319
2021-11-28,rot,307.53030838653876,34.43579073629536,7.754523593853602,83.41340592519445,11.213576091949855,18.13559743295692,11.150284665962369,17.383585369754257,131.09987858646298,14.47488922363484,7.685112639732498,18.085278713810222,40.98360108833105,7.685112639732554,18.085278713810336,11.224143259167851,17.1899652646004,40.98360108833113,1.0997767944306236,6.892016951635463,37.54266568906168,39.34529886261658
2021-12-05,rot,307.53030838653876,56.73696398106844,6.725949341531997,80.63003339925642,17.7209626025982,14.171026452932418,15.62028564138091,12.697006428325597,110.02445511067734,12.437637134700974,6.665429089220784,14.131843425531729,25.357190995793932,6.665429089220834,14.131843425531821,15.72139879870645,13.434532789763669,25.357190995793975,1.2586985808540643,6.10688905604108,194.80489587289208,34.32437197959245
2021-12-12,rot,307.53030838653876,87.66986671279392,9.443418194198498,72.26471553647534,14.010192363041575,12.270821750248663,11.074317456661941,14.835170168837292,111.96378023660434,15.141603081081895,9.290033499296936,12.237006363192055,42.769106604098276,9.290033499297005,12.237006363192132,11.147162788284515,11.635108387716206,42.769106604098376,1.6938882032253737,4.528552095251612,156.74609830288273,33.96410186727657
2021-12-19,rot,307.53030838653876,49.978999817179435,8.387857802370819,85.57017275023364,14.661325211441705,6.604883509562402,5.539490240114685,17.492562339471366,128.7165435403431,15.526138160374714,8.27029856800428,6.586922345688691,18.88896175882286,8.27029856800434,6.586922345688731,5.5767151159325925,6.266988385331586,18.888961758822894,2.135299922645545,3.709292584904379,146.36367779962782,34.19149539717377
2021-12-26,rot,307.53030838653876,41.83579658134054,5.06769315892954,64.35185543395602,13.80237359196033,12.614470417700627,11.137420373673354,15.423843844801597,124.55755022836283,15.429597049586791,5.04147269350824,12.579703993463848,30.410077787538608,5.041472693508277,12.579703993463925,11.210738180956678,11.960881950190851,30.41007778753867,2.7144428395032105,3.6709386132279094,88.27440999517087,36.46052950020394
2022-01-02,rot,307.53030838653876,36.535673629594214,2.0268074366210125,43.72098232218339,5.77721977830497,15.055926950588862,17.81174804952827,12.34794589564093,84.17810982223551,13.132510654763179,2.0316620678276847,15.014244316001797,31.422789271629053,2.031662067827699,15.01424431600189,17.926238232182552,14.272501944899584,31.422789271629114,3.3862071121136297,6.193859661989921,248.96571184232982,37.58067855614441
2022-01-09,rot,307.53030838653876,5.79328732020942,0.0,0.0,0.07334760220373505,18.265111284527904,8.549312387031792,8.73707857983785,34.978996774737155,6.185363133470705,0.0,18.214019406534504,25.630426976906023,0.0,18.21401940653462,8.606077279751469,17.305357421456574,25.630426976906072,4.079933262905775,4.632057992995963,369.3973996916451,29.199947741717956
2022-01-16,rot,307.53030838653876,0.0,0.13414442619966707,2.717208740746545,0.17679838581138185,20.340756219540804,13.96297592991228,5.240549541574235,10.259418847619058,1.3328271126018492,0.1350667258461262,20.283670041621544,23.474273801283957,0.1350667258461272,20.283670041621672,14.053851126726189,19.268585682488027,23.474273801284003,5.195736403719852,7.239644630931684,294.7274821827955,24.37591903181705
2022-01-23,rot,307.53030838653876,6.972586307950231,0.8127663613652388,16.038014751084372,0.43931290816118057,13.021005590441916,11.725180032582564,3.3267210946013397,6.3859783040446665,0.0,0.8169447528371739,12.985048087975118,20.879461262149583,0.8169447528371798,12.9850480879752,11.80207251614991,12.3450948747392,20.879461262149622,6.010828164224098,4.57848573377273,232.86040734285842,18.054523487326286
2022-01-30,rot,307.53030838653876,4.503650191950046,3.0288601331929805,45.63409386771769,2.5344906704238257,12.520330983071013,11.53279239124201,3.638238377182699,20.48082391153658,0.728136521875496,3.0275001416586105,12.485800042060001,20.65804773557134,3.0275001416586327,12.48580004206008,11.608490075049174,11.871192972293255,20.65804773557138,6.975326677007261,3.9806133933173293,357.90479297446836,12.385645483422413
2022-02-06,rot,307.53030838653876,5.41129286723308,1.0255018963113811,16.095819109237752,0.6464180390731992,13.166641379097515,11.035336071201097,3.7248632919574383,31.69534461232527,1.3883941594364002,1.0301713076308538,13.130248090956162,21.589697023009688,1.0301713076308614,13.13024809095624,11.107846796716052,12.482571968446125,21.58969702300973,7.549919954375517,5.459994442873269,381.14818158563185,10.2197494127857
2022-02-13,rot,307.53030838653876,16.75799991855266,1.4499275365572262,29.094708098583435,18.708923310664126,12.600561648679996,8.00135617626402,4.213536017180684,26.183695662722705,5.753893971320673,1.4547780720705312,12.565749118312391,21.978253128114048,1.4547780720705417,12.565749118312466,8.054531770405074,11.946189309274164,21.978253128114094,7.9423637982753075,5.123328574953673,310.87247296586776,9.493426750434056
2022-02-20,rot,307.53030838653876,7.185415665026132,2.1373859070055037,38.219610715265844,12.266681102204195,12.995251902343231,7.511940174695389,5.351028429005492,26.41840584671622,13.991166676210261,2.141518642423091,12.959398693756444,20.41814698519962,2.141518642423107,12.959398693756526,7.562078547056597,12.321269133538795,20.41814698519966,9.225917136563488,5.525814221488528,263.4456232558589,9.775747080361429
2022-02-27,rot,307.53030838653876,3.823333069274209,3.786351521511847,93.85201977722357,8.311762045428479,16.105893768784515,6.058691270412669,4.922467348730759,40.29503251327008,14.592205364581305,3.780273362451708,16.061227188469058,19.181697462476073,3.7802733624517355,16.06122718846916,6.099407082137748,15.266461227518196,19.181697462476116,10.455930765866814,5.590545266919138,329.30983301778565,9.849599629523821
2022-03-06,rot,307.53030838653876,8.438310327801766,2.0594586893214037,61.268839847769435,13.217452030777112,16.785352693372587,6.782049816663079,3.866045140038876,44.62140523148844,10.602858271337443,2.0636015884087775,16.738592873521753,18.81830693742807,2.0636015884087926,16.738592873521856,6.827417035532519,15.906786840667097,18.818306937428105,11.063907027611831,3.665759792208786,265.4770152427878,7.954940680262771
2022-03-13,rot,307.53030838653876,10.72845846362805,2.3162849047000424,56.30543887619181,8.709420073385758,9.51345146717342,9.664004079606597,4.62017877222341,42.42908849668257,11.889437796386787,2.320418859170785,9.487447230523875,23.83671638420173,2.320418859170802,9.487447230523934,9.728095487451863,9.024376737860928,23.836716384201775,13.74773216094283,4.557474599224349,243.98231839816776,7.0272475261840714
2022-03-20,rot,307.53030838653876,22.677346412455492,4.05387001625914,80.32565717312309,8.247243097756126,14.596225027938837,16.174329562170314,5.2909239700530994,41.12040332862529,9.613616533684262,4.040653506986291,14.555735906429765,34.93876982056698,4.04065350698632,14.555735906429852,16.27835726174981,13.835309876425281,34.93876982056705,14.074151148755512,3.6608934264517203,258.49647472563197,4.955015170428673
2022-03-27,rot,307.53030838653876,19.630218132737458,6.0977446896236955,107.32299279841767,8.936691279579136,11.451407154090825,15.703739482528814,6.270133158425768,61.6043503754855,8.285278854008178,6.039937365216631,11.419827947986896,38.37145339001799,6.039937365216675,11.419827947986967,15.80451295604699,10.857754443253816,38.371453390018054,14.775437136117155,3.9128713671475066,271.4665876264229,3.3447436121162406
2022-04-03,rot,307.53030838653876,12.731475250463301,4.4533951344016485,77.21716629544748,6.528019031381365,11.463739282014378,14.604877600352616,6.272678117765956,78.58595420870029,8.25166668145017,4.4300678912481155,11.432107777090332,28.08072806810418,4.4300678912481475,11.432107777090403,14.698947513293682,10.869121352354776,28.080728068104236,15.907216308399443,5.362771606004717,315.70154160905383,2.256362254651662
2022-04-10,rot,307.53030838653876,9.265608365754241,1.7201585446772172,38.98655596852692,10.021091917478255,7.7207819471335215,15.81843700052365,5.941141186989501,73.03625620782783,9.056328466067558,1.725234830467456,7.699741885515287,36.5800572028422,1.7252348304674685,7.6997418855153335,15.920634165847018,7.325008358315035,36.58005720284227,19.2903539942489,2.876755602567153,358.4617655179918,2.1303382753605637
2022-04-17,rot,307.53030838653876,7.312987320166833,1.7312042029916968,38.14321660372467,6.595147670932342,11.330103994088809,11.947872050676544,4.817045817275621,40.70415378022475,8.759288320458385,1.7361666169125418,11.298953306554434,33.32471953663768,1.7361666169125547,11.298953306554504,12.026201836856727,10.744414940504926,33.324719536637744,20.247158719419215,2.2236109167406397,361.57415488078726,1.6762013726457643
2022-04-24,rot,307.53030838653876,7.610061335221784,1.7151305060756328,63.00302293300042,5.58985884626426,11.228199293121325,17.284990919037607,4.861800034544493,31.197259563917175,8.173113429389936,1.7209452404621093,11.1974291058594,37.08873421064841,1.7209452404621217,11.19742910585947,17.396785412163666,10.649566214040535,37.08873421064848,24.185385200175382,2.8793120399666625,292.3395148089946,1.4090999178905277
2022-05-01,rot,307.53030838653876,2.952938738746499,2.3289973484358866,43.69126438303006,4.46784886761811,13.406571516536681,10.00657639484341,4.743813569019838,33.56316811327503,6.2428467112450585,2.334539986788598,13.36973323528792,37.59590474311566,2.3345399867886147,13.369733235288006,10.073136343841805,12.713924499956189,37.59590474311574,27.417734832709606,3.2612324584191126,218.63180736603096,0.9969274956828473
2022-05-08,rot,307.53030838653876,2.4225943986069622,1.9264678114440636,56.20445698503786,10.910005511062216,11.995453106098285,9.998217896268999,3.9319647089850154,33.50617590489115,6.445489527696619,1.9322819731836844,11.962545855686557,36.84591648727836,1.9322819731836987,11.962545855686633,10.064619193009783,11.376666333101456,36.84591648727843,29.280543943961927,1.309372827164276,163.15605501132745,0.4753119849495726
2022-05-15,rot,307.53030838653876,9.985612797325793,1.587577822097121,39.10179419882995,10.181958924774113,13.668112968505385,8.27472584946557,3.9138019888583755,30.904374680267363,9.190125066981006,1.5933496461949204,13.630451349820511,45.89669092705594,1.5933496461949321,13.630451349820598,8.329950096639275,12.960087986254779,45.89669092705603,31.344978580712326,0.6857932699814756,148.99695619055228,0.0
2022-05-22,rot,307.53030838653876,10.020435027241037,2.14514546160527,52.162744020438694,8.07502559241387,11.353963669859988,7.0400440502475465,4.831892913191533,30.44091267647442,10.364538490479394,2.1505336215304816,11.322852456312303,33.22115827326746,2.150533621530497,11.322852456312374,7.0872617996946365,10.768914046946747,33.22115827326753,35.309489586354424,-0.27091714801032046,135.03189370444494,-0.47205561082626574
2022-05-29,rot,307.53030838653876,-0.8870879251971697,4.257996306582202,80.00364547485854,8.705935016173234,11.742298315000705,8.77013575965735,4.510300298645687,40.57964123544489,8.968455887732748,4.247981901571321,11.71007430532523,39.34876735750512,4.247981901571352,11.710074305325305,8.82856177245519,11.136370189384824,39.348767357505196,37.346803921222666,-1.1059453870142484,87.49696627308221,-0.9176372942652183
2022-06-05,rot,307.53030838653876,-0.5826168976172137,2.2221403220891296,26.794189573472963,6.282047714330738,11.834470547888394,7.753637419520563,3.1875904283017182,48.94713069990836,7.814066718344611,2.2264113306980295,11.801940721380678,30.030193291454538,2.226411330698046,11.801940721380753,7.805396490515384,11.222843796648968,30.030193291454598,39.031939520136184,-0.8972398015967594,91.09768049632872,-1.9521599561186471
2022-06-12,rot,307.53030838653876,-1.9644117531591985,3.5394267645970126,49.71576515781271,12.193553951935316,6.745683341751217,11.77979969165874,2.753950939365806,50.010690072790595,8.8671985329827,3.536802226503496,6.727369428274885,33.29798638117042,3.5368022265035224,6.727369428274925,11.857448730160913,6.4011226574034845,33.29798638117048,45.80940443981478,-1.264825274880394,131.33762582542897,-3.724507158090596
2022-06-19,rot,307.53030838653876,7.891963100677864,4.760379656203296,74.3151918647348,7.7211843340717845,9.977779309708755,7.920580823190392,3.1162811967770256,55.884133534500755,9.972951066822546,4.743176135392296,9.950493134722807,34.634910642531324,4.743176135392331,9.950493134722866,7.973484933849839,9.464606992757798,34.63491064253139,49.651382999657336,-0.415743975936865,164.0469602985718,-5.310162008923621
2022-06-26,rot,307.53030838653876,-1.4422928300307698,3.8088995697089048,82.58455988489462,10.4557039367846,9.345078260486058,5.861087995737037,3.277318835031994,61.79543942284346,9.244913714489796,3.800162010264845,9.319507418456865,31.310542972471445,3.8001620102648728,9.319507418456926,5.900443770675951,8.864180888559721,31.310542972471517,49.37090871258339,-0.1895940025871071,118.1230008526778,-6.336725744304326
2022-07-03,rot,307.53030838653876,-2.741672346979702,2.842152151031775,46.19189380041635,7.276275989727538,4.762954703957684,4.942187331479485,2.599861289625838,55.8630230508493,8.774307226626672,2.84128861142627,4.750055637320071,35.66193963418604,2.8412886114262905,4.7500556373201,4.975454107674823,4.5202385906954206,35.661939634186105,49.996764305175525,-1.2991289266199215,119.08384429963782,-6.551198489060837
2022-07-10,rot,307.53030838653876,0.4758473241619871,2.479788793422498,43.632613195078456,3.5474267755856252,9.174987516602362,6.063521088985172,2.560543834327197,53.344741607550155,8.345947686359382,2.4838019760574124,9.149946506295194,21.03880740490934,2.48380197605743,9.149946506295251,6.104298657374612,8.703991445374118,21.038807404909385,61.06903337845832,-0.8414993570132675,96.11808276334354,-5.8584870849077175
2022-07-17,rot,307.53030838653876,1.8458209067492175,3.2410377720619445,42.055216772829326,3.5025891557599445,12.367221807549571,5.7149671788984815,2.5183266268009414,41.24782968652658,4.263521767265174,3.2365980802191623,12.33307762171622,21.750711292281622,3.2365980802191863,12.333077621716296,5.753312332704496,11.725389149886123,21.750711292281665,53.9242267222403,-0.04470461760420639,133.69140824262098,-3.4218119281050416
2022-07-24,rot,307.53030838653876,7.365810080645084,3.0326835957262865,75.77553818265655,3.329909447783938,12.36424818962066,5.968349416663579,3.537960352380752,51.3356966285269,3.7003840452165084,3.033262658711332,12.330246362294597,21.74663398198149,3.0332626587113536,12.330246362294671,6.008477336333663,11.72496030389996,21.74663398198153,64.0524194134968,-0.7166298942315271,144.57540415318792,-2.1342256149918115
2022-07-31,rot,307.53030838653876,-8.6576148273113,3.102657488024686,84.60508988123372,1.5926863711932553,7.701890348036987,5.752361823965619,3.0578805333776655,48.54139048902967,2.8363822999404036,3.1010416490494004,7.6808993104544125,24.31737548148865,3.101041649049422,7.6808993104544605,5.791006059471176,7.307041329361899,24.317375481488703,61.61043546776303,-0.4277157242929579,157.9142461562435,-0.3253149586589255
2022-08-07,rot,307.53030838653876,-1.7625216637858294,2.3461486086708407,43.051776686687184,5.016023539260513,9.077349325395934,6.6490137936963,2.2512374242402524,49.41031811448417,2.937114193959831,2.3506647222933683,9.052580589532012,22.3780297417549,2.350664722293385,9.052580589532067,6.6936388794149835,8.611468792640792,22.37802974175495,70.87428181836609,1.3164295268248831,166.2225021724077,-0.6881379960171969
2022-08-14,rot,307.53030838653876,8.408499641548724,3.174732961714319,57.362481307621685,3.224903429076416,12.589868462701459,7.723907228813956,2.7141011136944075,45.42434427205499,3.7466681882370065,3.174911388863053,12.555254212136317,26.812366922518,3.1749113888630753,12.555254212136393,7.775549941514302,11.939058183421388,26.812366922518056,70.75861135880294,2.155420916067402,183.41976785064247,-1.3740298492359346
2022-08-21,rot,307.53030838653876,1.5795775258282279,3.4693852446728974,55.215266526651135,4.007143948745885,9.639218566591353,7.281851326678932,3.9194904172593628,49.25619710631734,3.9121184747584525,3.467687989596695,9.612892088371941,19.09570659570511,3.4676879895967203,9.612892088372,7.330632241399214,9.144062212280962,19.095706595705146,71.82073952849237,1.0672073392829031,159.57686221452786,-2.09198225703896
2022-08-28,rot,307.53030838653876,-0.6804464862187367,5.348963975750468,72.58577967784431,3.3242552393849407,12.343912175428233,9.712141614085384,3.589895286059378,61.29809324958165,3.6275957562175742,5.323965037440237,12.310001724265417,25.689461053812735,5.323965037440276,12.31000172426549,9.776649245216385,11.706307587570436,25.689461053812796,71.53464043129662,1.4881385418113104,150.111119317049,-2.778198421914992
2022-09-04,rot,307.53030838653876,-6.324958101259147,4.607575352338203,60.768175820557374,4.45918431520684,10.823332035858861,7.821891094606041,2.6589999197506504,73.57687319726966,3.760254603076193,4.5934075454261265,10.79369208575008,48.912451295564175,4.59340754542616,10.79369208575015,7.874181377156662,10.265932770365161,48.912451295564274,71.27576463773191,-0.2647773457700607,123.17355162080337,-3.367909058457738
2022-09-11,rot,307.53030838653876,6.174992057700913,3.4514370390790567,82.91243279674401,7.539730731326979,9.084151237733886,6.989022983253803,2.3720831343068185,64.99350701034565,4.711763478583922,3.4466860389886196,9.059311761160533,19.71497305811642,3.446686038988645,9.059311761160592,7.035752196239924,8.616991249942004,19.71497305811646,64.02634656264968,-0.2854163883902497,102.74237880918437,-3.453608354722316
2022-09-18,rot,307.53030838653876,0.5618937605013825,3.39266216844955,65.28002479689461,5.7879948463762565,10.200457570464385,4.7361845199417765,3.2234487783641343,59.27054545342647,6.644745869377408,3.3898197223077213,10.17252337677305,19.29351339563777,3.389819722307746,10.172523376773116,4.768154671288105,9.675136205598271,19.29351339563781,67.17389899716747,-0.3493554573655564,116.08500810551992,-4.072688860079099
2022-09-25,rot,307.53030838653876,-3.4396590364313884,10.617298482386742,100.29634206090417,26.84378595405061,4.466542553617891,8.98531910052508,2.9928844834632007,81.58163134516681,12.048216166490565,10.425601526692322,4.454467613579111,32.449791881732786,10.425601526692398,4.454467613579137,9.044999207463636,4.239312799083951,32.44979188173284,66.18123958204389,-0.24585205147037584,106.2003120941209,-4.455165558928489
2022-10-02,rot,307.53030838653876,-6.4042739032499325,9.217505881059633,97.42219077033131,22.93330433195508,14.743160312903678,12.025227894479762,1.7344242953287685,116.66524877148967,19.457947181397937,9.0473760246695,14.702117760349937,32.87333905720798,9.047376024669564,14.702117760350031,12.103565232010771,13.971987940116016,32.873339057208035,56.54025520092562,-0.04200748677296642,62.81275139330046,-4.1303078872412415
2022-10-09,rot,307.53030838653876,0.08979453120839337,3.1698268378893015,22.687076564206496,20.616415990391427,22.584561872139624,11.209138981907264,1.8836257232689588,143.3317403038089,27.912998696398663,3.169724684862807,22.52109919980321,37.96425915757779,3.1697246848628304,22.521099199803352,11.283127477073059,21.39270852666406,37.96425915757787,69.78230528456326,0.8813799539600748,111.97890288350759,-5.097649539827145
2022-10-16,rot,307.53030838653876,-1.6123730558382814,1.569135394572815,27.838735574197408,15.247420131776401,13.666876704716724,11.607792567570474,2.3499346570825805,73.67992843119579,21.844837083638897,1.5746403554099577,13.62916615782215,28.73220158939074,1.574640355409969,13.629166157822235,11.684206842142139,12.957983233646463,28.7322015893908,67.757850679733,0.2517088936085064,117.09415059711044,-4.949761618345755
2022-10-23,rot,307.53030838653876,-3.0676351668379636,0.764252025831688,23.62112226665572,10.313748924397219,10.835320363370846,12.427441677047637,2.117951503407613,25.172953656629275,14.063557188578725,0.7681476001515372,10.805488528733495,25.86862276751781,0.7681476001515428,10.805488528733564,12.50835918037986,10.274468810582691,25.868622767517863,57.902594440962815,0.4301965849739147,128.65245325556134,-4.229827786616081
2022-10-30,rot,307.53030838653876,-5.506813693227878,4.311379312502055,24.714198319734685,25.158032826725968,8.75264953209918,12.806265638814931,1.87031374807096,30.288181448937678,16.112230316693548,4.294809663741725,8.728719298658403,39.85365177987006,4.294809663741756,8.728719298658456,12.889822957078241,8.302587090582277,39.85365177987014,62.025148046124855,-1.4285598443670053,137.81226103451027,-4.530983407694651
2022-11-06,rot,307.53030838653876,1.9826671160405702,1.073360519305122,16.21948403517044,15.511750217839266,9.357830895428918,10.096552839471403,1.9437362809190928,42.29773747472814,20.352740606094294,1.0781389158807988,9.33221022724985,36.36086943803285,1.0781389158808068,9.332210227249911,10.163171438938523,8.876011092119649,36.36086943803292,62.253706660641974,0.693785803536372,115.266741837013,-3.8041245485618598
2022-11-13,rot,307.53030838653876,-0.10627469403592657,2.181817992404907,29.83380446373137,14.545928154726578,14.055854205248112,14.464298067100076,2.9335260532605676,39.50794923582359,21.096822556658374,2.1870536889090415,14.017115219454125,46.96450291078,2.1870536889090575,14.017115219454212,14.558836625266352,13.327583900958674,46.964502910780084,72.44072965754195,1.2917039650843645,107.30293608942361,-3.2153009159522745
2022-11-20,rot,307.53030838653876,-1.783580278335002,3.9687270256347906,51.74840884687507,28.033755256832432,18.28712397658896,19.649918240118293,2.909281032113012,37.900926665599556,19.23592675665941,3.9610554910959888,18.236186430637275,55.54482035306475,3.9610554910960176,18.23618643063739,19.775592643638735,17.330057489635593,55.544820353064864,69.11501515518721,1.3864528558447142,153.56507497390615,-1.9119792725005462
2022-11-27,rot,307.53030838653876,-7.058057582443228,5.386000052508589,78.20454509743668,27.501231407818167,9.619863405547653,18.502952195979365,2.2686187986640847,60.19430795075572,25.408180755463725,5.356870995992936,9.593559090984021,54.48970157728066,5.356870995992975,9.593559090984083,18.621641012540525,9.12515397662182,54.489701577280776,67.80211955636624,0.35262268294069543,0.0,-0.741904388478523
2022-12-04,rot,307.53030838653876,0.2199167061331553,8.290507445949574,95.24770670994904,27.811407850680183,15.302451072607518,16.447598414888894,2.022304915223963,90.2072747070298,29.44308362279868,8.191753923283375,15.26009081413571,45.876993634427734,8.191753923283438,15.260090814135804,16.55400337009158,14.506285337184112,45.87699363442783,68.56683514130256,-0.4584854399797178,152.3470863104822,0.0951049153503487
2022-12-11,rot,307.53030838653876,0.5369089908800488,9.09251732978579,137.70638146852966,27.375838496761595,11.646488033882623,19.188759525356215,2.503490141443416,119.19532796596226,28.981959720700363,8.964640520263652,11.614493504265225,50.66936570086335,8.964640520263718,11.614493504265294,19.31148450966291,11.044907749018284,50.669365700863466,67.49297321230247,0.7020297728002788,174.95461316186552,0.5304873836451189
2022-12-18,rot,307.53030838653876,0.9403812673271835,7.584515273146808,127.43923830906806,25.111657521768773,16.760814583448724,16.24588186532292,2.710076159059889,122.69128988704198,26.58494083759362,7.492282059244663,16.71408568247335,49.46457394711194,7.492282059244718,16.714085682473456,16.3503749959618,15.882866457283017,49.464573947112044,61.91081338508576,0.5979691751790157,183.41096461367445,0.8873516869067075
2022-12-25,rot,307.53030838653876,-3.8743360287291964,7.0683800380015525,108.48463064972837,23.443213466104037,16.44508370357701,16.432234057629948,2.33385782077146,112.16648352466152,24.818610340603094,6.982656494593818,16.399140599908936,46.44932755328722,6.9826564945938685,16.399140599909042,16.53732921316524,15.581992147187483,46.44932755328732,57.79739600177798,-0.3005904974429244,142.68746138239666,1.2025090779140524
